Persona,Journey Stage,Touchpoint,User Action / Thought,Emotional State,Pain Point / Risk,System / RM Action
"Senior (Col. Singh, 74, Sec 10)",1. Awareness & Onboarding,In-Person RM Visit,Granddaughter/Daughter abroad signs him up. Welcomes RM with tea.,Cautious / Skeptical,Fears losing independence; hates 'caretaker' label.,RM frames service as 'Exclusive Senior Club' + sets up AI Voice buddy.
"Senior (Col. Singh, 74, Sec 10)",2. First 3:00 AM Crisis,AI Phone / WhatsApp,Wakes up at 3:15 AM with joint pain & insomnia. Talks to AI about 1971 war.,Comforted / Relieved,Cannot call family abroad without waking them up.,"AI listens patiently in Hindi/Punjabi, validates emotions, logs acoustic vitality."
"Senior (Col. Singh, 74, Sec 10)",3. The Event Invitation,WhatsApp Invite,Receives WhatsApp invitation for 'Silver Talks' open-mic at Sec 10 cafe.,Excited / Proud,Wonders how he will reach without driving.,AI routes carpool; gig cab picks him up at 3:45 PM with 2 sector peers.
"Senior (Col. Singh, 74, Sec 10)",4. The Club Experience,Saturday High-Tea,Delivers 10-min talk on building border roads. Receives applause; plays chess.,Joyful / Dignified,Fatigue / stairs.,RM ensures ground-floor seating; serves tea & snacks.
"Senior (Col. Singh, 74, Sec 10)",5. Habitual Retention,Daily Routine,Calls AI every morning; looks forward to alternate Saturday Kirtan/Chai.,Thriving / Connected,Zero disintermediation risk.,Senior refuses to cancel because his social circle lives on the platform.
"NRI Child (Harpreet, Toronto)",1. Anxiety Trigger,Distance / Guilt,Worries about father living alone in 1-Kanal villa in Chandigarh.,Guilty / Anxious,Timezone gap (9.5 hrs); fear of father falling or feeling depressed.,Discovers platform via expat community; buys $129/mo plan.
"NRI Child (Harpreet, Toronto)",2. Onboarding & Profiling,Web Portal,"Fills in father's medical history, doctor contacts, and favorite Punjabi music.",Hopeful,Worried father will reject the service.,RM does warm physical intake with sweets; sends photo of meeting.
"NRI Child (Harpreet, Toronto)",3. Daily Peace of Mind,Passive Alerts,Receives quiet reassurance that father is active every morning.,Relaxed,Hates annoying father with constant 'did you take medicine' calls.,AI handles medicine checks quietly; flags anomalies only when needed.
"NRI Child (Harpreet, Toronto)",4. Sunday Video Digest,WhatsApp Video Digest,Receives 30-sec video snippet of father smiling at the Saturday Tea Club.,Deep Gratitude / Emotional,Zero visibility into parent's daily social life.,"RM sends automated weekly report (mood score, doctor visits, video clip)."
"NRI Child (Harpreet, Toronto)",5. Unshakable Loyalty,Auto-Renewal,Renews subscription automatically; refers 3 other NRI friends in Toronto.,Advocate / Evangelist,High willingness to pay.,LTV exceeds 24 months; customer acquisition cost recovered 10x over.
